INSERT INTO GRUPO(ID_GRUPO, LETRA) VALUES (1, 'G');

INSERT INTO SELECAO(ID_SELECAO, NOME, ID_GRUPO) VALUES (1, 'Brasil', 1);
INSERT INTO SELECAO(ID_SELECAO, NOME, ID_GRUPO) VALUES (2, 'Sérvia', 1);
INSERT INTO SELECAO(ID_SELECAO, NOME, ID_GRUPO) VALUES (3, 'Suíça', 1);
INSERT INTO SELECAO(ID_SELECAO, NOME, ID_GRUPO) VALUES (4, 'Camarões', 1);

INSERT INTO JOGADOR(ID_JOGADOR, NOME, POSICAO, ID_SELECAO) VALUES (1, 'Alisson', 'GL', 1);
INSERT INTO JOGADOR(ID_JOGADOR, NOME, POSICAO, ID_SELECAO) VALUES (2, 'Danilo', 'LD', 1);
INSERT INTO JOGADOR(ID_JOGADOR, NOME, POSICAO, ID_SELECAO) VALUES (3, 'T.Silva', 'ZA', 1);
INSERT INTO JOGADOR(ID_JOGADOR, NOME, POSICAO, ID_SELECAO) VALUES (4, 'Marquinhos', 'ZA', 1);
INSERT INTO JOGADOR(ID_JOGADOR, NOME, POSICAO, ID_SELECAO) VALUES (5, 'Casemiro', 'MC', 1);
INSERT INTO JOGADOR(ID_JOGADOR, NOME, POSICAO, ID_SELECAO) VALUES (6, 'Alex Sandro', 'LE', 1);
INSERT INTO JOGADOR(ID_JOGADOR, NOME, POSICAO, ID_SELECAO) VALUES (7, 'L.Paquetá', 'MC', 1);
INSERT INTO JOGADOR(ID_JOGADOR, NOME, POSICAO, ID_SELECAO) VALUES (8, 'Fred', 'MC', 1);
INSERT INTO JOGADOR(ID_JOGADOR, NOME, POSICAO, ID_SELECAO) VALUES (9, 'Richarlison', 'AT', 1);
INSERT INTO JOGADOR(ID_JOGADOR, NOME, POSICAO, ID_SELECAO) VALUES (10, 'Neymar Jr.', 'AT', 1);
INSERT INTO JOGADOR(ID_JOGADOR, NOME, POSICAO, ID_SELECAO) VALUES (11, 'Raphinha', 'AT', 1);
INSERT INTO JOGADOR(ID_JOGADOR, NOME, POSICAO, ID_SELECAO) VALUES (12, 'Weverton', 'GL', 1);
INSERT INTO JOGADOR(ID_JOGADOR, NOME, POSICAO, ID_SELECAO) VALUES (13, 'Dani Alves', 'LD', 1);
INSERT INTO JOGADOR(ID_JOGADOR, NOME, POSICAO, ID_SELECAO) VALUES (14, 'É.Militão', 'ZA', 1);
INSERT INTO JOGADOR(ID_JOGADOR, NOME, POSICAO, ID_SELECAO) VALUES (15, 'Fabinho', 'MC', 1);
INSERT INTO JOGADOR(ID_JOGADOR, NOME, POSICAO, ID_SELECAO) VALUES (16, 'Alex Telles', 'LE', 1);
INSERT INTO JOGADOR(ID_JOGADOR, NOME, POSICAO, ID_SELECAO) VALUES (17, 'B.Guimarães', 'MC', 1);
INSERT INTO JOGADOR(ID_JOGADOR, NOME, POSICAO, ID_SELECAO) VALUES (18, 'G.Jesus', 'AT', 1);
INSERT INTO JOGADOR(ID_JOGADOR, NOME, POSICAO, ID_SELECAO) VALUES (19, 'Antony', 'AT', 1);
INSERT INTO JOGADOR(ID_JOGADOR, NOME, POSICAO, ID_SELECAO) VALUES (20, 'Vinicius Jr.', 'AT', 1);
INSERT INTO JOGADOR(ID_JOGADOR, NOME, POSICAO, ID_SELECAO) VALUES (21, 'Rodrygo', 'AT', 1);
INSERT INTO JOGADOR(ID_JOGADOR, NOME, POSICAO, ID_SELECAO) VALUES (22, 'E.Ribeiro', 'MC', 1);
INSERT INTO JOGADOR(ID_JOGADOR, NOME, POSICAO, ID_SELECAO) VALUES (23, 'Ederson', 'GL', 1);
INSERT INTO JOGADOR(ID_JOGADOR, NOME, POSICAO, ID_SELECAO) VALUES (24, 'Bremer', 'ZA', 1);
INSERT INTO JOGADOR(ID_JOGADOR, NOME, POSICAO, ID_SELECAO) VALUES (25, 'Pedro', 'AT', 1);
INSERT INTO JOGADOR(ID_JOGADOR, NOME, POSICAO, ID_SELECAO) VALUES (26, 'G.Martinelli', 'AT', 1);

INSERT INTO LOCAL(ID_ESTADIO, NOME_ESTADIO, CIDADE) VALUES (1, 'Estádio 974', 'Doha');
INSERT INTO LOCAL(ID_ESTADIO, NOME_ESTADIO, CIDADE) VALUES (2, 'Lusail', 'Lusail');
INSERT INTO LOCAL(ID_ESTADIO, NOME_ESTADIO, CIDADE) VALUES (3, 'Al Janoub', 'Al Wakrah');

INSERT INTO PARTIDA(ID_PARTIDA, DATA_PARTIDA, HORARIO, ID_ESTADIO, ID_GRUPO, ID_SELECAO_CASA, GOL_CASA, ID_SELECAO_FORA, GOL_FORA) VALUES (1, '2022-11-24', '07:00 AM', 3, 1, 3, 2, 4, 0);
INSERT INTO PARTIDA(ID_PARTIDA, DATA_PARTIDA, HORARIO, ID_ESTADIO, ID_GRUPO, ID_SELECAO_CASA, GOL_CASA, ID_SELECAO_FORA, GOL_FORA) VALUES (2, '2022-11-24', '04:00 PM', 2, 1, 1, 2, 2, 1);
INSERT INTO PARTIDA(ID_PARTIDA, DATA_PARTIDA, HORARIO, ID_ESTADIO, ID_GRUPO, ID_SELECAO_CASA, GOL_CASA, ID_SELECAO_FORA, GOL_FORA) VALUES (3, '2022-11-28', '07:00 AM', 3, 1, 4, 0, 3, 3);
INSERT INTO PARTIDA(ID_PARTIDA, DATA_PARTIDA, HORARIO, ID_ESTADIO, ID_GRUPO, ID_SELECAO_CASA, GOL_CASA, ID_SELECAO_FORA, GOL_FORA) VALUES (4, '2022-11-28', '01:00 PM', 1, 1, 1, 1, 3, 1);
INSERT INTO PARTIDA(ID_PARTIDA, DATA_PARTIDA, HORARIO, ID_ESTADIO, ID_GRUPO, ID_SELECAO_CASA, GOL_CASA, ID_SELECAO_FORA, GOL_FORA) VALUES (5, '2022-12-02', '04:00 PM', 2, 1, 4, 1, 1, 3);
INSERT INTO PARTIDA(ID_PARTIDA, DATA_PARTIDA, HORARIO, ID_ESTADIO, ID_GRUPO, ID_SELECAO_CASA, GOL_CASA, ID_SELECAO_FORA, GOL_FORA) VALUES (6, '2022-12-02', '04:00 PM', 1, 1, 2, 2, 3, 2);

INSERT INTO CLASSIFICACAO(ID_RODADA, ID_GRUPO, ID_SELECAO, VITORIAS, DERROTAS, EMPATES, PONTOS) VALUES (1, 1, 1, 1, 0, 0, 3);
INSERT INTO CLASSIFICACAO(ID_RODADA, ID_GRUPO, ID_SELECAO, VITORIAS, DERROTAS, EMPATES, PONTOS) VALUES (1, 1, 2, 0, 1, 0, 0);
INSERT INTO CLASSIFICACAO(ID_RODADA, ID_GRUPO, ID_SELECAO, VITORIAS, DERROTAS, EMPATES, PONTOS) VALUES (1, 1, 3, 1, 0, 0, 3);
INSERT INTO CLASSIFICACAO(ID_RODADA, ID_GRUPO, ID_SELECAO, VITORIAS, DERROTAS, EMPATES, PONTOS) VALUES (1, 1, 4, 0, 1, 0, 0);
INSERT INTO CLASSIFICACAO(ID_RODADA, ID_GRUPO, ID_SELECAO, VITORIAS, DERROTAS, EMPATES, PONTOS) VALUES (2, 1, 1, 1, 0, 1, 4);
INSERT INTO CLASSIFICACAO(ID_RODADA, ID_GRUPO, ID_SELECAO, VITORIAS, DERROTAS, EMPATES, PONTOS) VALUES (2, 1, 2, 2, 0, 0, 6);
INSERT INTO CLASSIFICACAO(ID_RODADA, ID_GRUPO, ID_SELECAO, VITORIAS, DERROTAS, EMPATES, PONTOS) VALUES (2, 1, 3, 1, 0, 1, 4);
INSERT INTO CLASSIFICACAO(ID_RODADA, ID_GRUPO, ID_SELECAO, VITORIAS, DERROTAS, EMPATES, PONTOS) VALUES (2, 1, 4, 0, 0, 0, 0);
INSERT INTO CLASSIFICACAO(ID_RODADA, ID_GRUPO, ID_SELECAO, VITORIAS, DERROTAS, EMPATES, PONTOS) VALUES (3, 1, 1, 2, 0, 1, 7);
INSERT INTO CLASSIFICACAO(ID_RODADA, ID_GRUPO, ID_SELECAO, VITORIAS, DERROTAS, EMPATES, PONTOS) VALUES (3, 1, 2, 2, 0, 1, 7);
INSERT INTO CLASSIFICACAO(ID_RODADA, ID_GRUPO, ID_SELECAO, VITORIAS, DERROTAS, EMPATES, PONTOS) VALUES (3, 1, 3, 1, 1, 1, 4);
INSERT INTO CLASSIFICACAO(ID_RODADA, ID_GRUPO, ID_SELECAO, VITORIAS, DERROTAS, EMPATES, PONTOS) VALUES (3, 1, 4, 0, 0, 0, 0);